case_key,case_name,mc_mode,mc_iterations,repeat_id,wallclock_seconds
01,01-port-selection-liang-et-al,strict,50,0,0.0112
01,01-port-selection-liang-et-al,strict,50,1,0.0109
01,01-port-selection-liang-et-al,strict,50,2,0.0109
01,01-port-selection-liang-et-al,strict,50,3,0.0107
01,01-port-selection-liang-et-al,strict,50,4,0.0109
01,01-port-selection-liang-et-al,strict,100,0,0.0213
01,01-port-selection-liang-et-al,strict,100,1,0.0216
01,01-port-selection-liang-et-al,strict,100,2,0.0218
01,01-port-selection-liang-et-al,strict,100,3,0.0213
01,01-port-selection-liang-et-al,strict,100,4,0.0214
01,01-port-selection-liang-et-al,strict,200,0,0.0427
01,01-port-selection-liang-et-al,strict,200,1,0.0432
01,01-port-selection-liang-et-al,strict,200,2,0.0428
01,01-port-selection-liang-et-al,strict,200,3,0.0423
01,01-port-selection-liang-et-al,strict,200,4,0.0424
01,01-port-selection-liang-et-al,strict,500,0,0.1055
01,01-port-selection-liang-et-al,strict,500,1,0.1051
01,01-port-selection-liang-et-al,strict,500,2,0.1053
01,01-port-selection-liang-et-al,strict,500,3,0.1051
01,01-port-selection-liang-et-al,strict,500,4,0.1065
01,01-port-selection-liang-et-al,strict,1000,0,0.2115
01,01-port-selection-liang-et-al,strict,1000,1,0.2108
01,01-port-selection-liang-et-al,strict,1000,2,0.23
01,01-port-selection-liang-et-al,strict,1000,3,0.221
01,01-port-selection-liang-et-al,strict,1000,4,0.21
01,01-port-selection-liang-et-al,strict,2000,0,0.4867
01,01-port-selection-liang-et-al,strict,2000,1,0.4288
01,01-port-selection-liang-et-al,strict,2000,2,0.4202
01,01-port-selection-liang-et-al,strict,2000,3,0.4337
01,01-port-selection-liang-et-al,strict,2000,4,0.4254
01,01-port-selection-liang-et-al,strict,5000,0,1.0914
01,01-port-selection-liang-et-al,strict,5000,1,1.0733
01,01-port-selection-liang-et-al,strict,5000,2,1.0839
01,01-port-selection-liang-et-al,strict,5000,3,1.0809
01,01-port-selection-liang-et-al,strict,5000,4,1.0806
01,01-port-selection-liang-et-al,strict,10000,0,2.2561
01,01-port-selection-liang-et-al,strict,10000,1,2.2547
01,01-port-selection-liang-et-al,strict,10000,2,2.1922
01,01-port-selection-liang-et-al,strict,10000,3,2.2435
01,01-port-selection-liang-et-al,strict,10000,4,2.2271
01,01-port-selection-liang-et-al,non_strict,50,0,0.0129
01,01-port-selection-liang-et-al,non_strict,50,1,0.0128
01,01-port-selection-liang-et-al,non_strict,50,2,0.0126
01,01-port-selection-liang-et-al,non_strict,50,3,0.0128
01,01-port-selection-liang-et-al,non_strict,50,4,0.0126
01,01-port-selection-liang-et-al,non_strict,100,0,0.0252
01,01-port-selection-liang-et-al,non_strict,100,1,0.0252
01,01-port-selection-liang-et-al,non_strict,100,2,0.0245
01,01-port-selection-liang-et-al,non_strict,100,3,0.0251
01,01-port-selection-liang-et-al,non_strict,100,4,0.025
01,01-port-selection-liang-et-al,non_strict,200,0,0.0505
01,01-port-selection-liang-et-al,non_strict,200,1,0.0501
01,01-port-selection-liang-et-al,non_strict,200,2,0.0501
01,01-port-selection-liang-et-al,non_strict,200,3,0.0496
01,01-port-selection-liang-et-al,non_strict,200,4,0.0497
01,01-port-selection-liang-et-al,non_strict,500,0,0.1243
01,01-port-selection-liang-et-al,non_strict,500,1,0.1262
01,01-port-selection-liang-et-al,non_strict,500,2,0.1338
01,01-port-selection-liang-et-al,non_strict,500,3,0.1255
01,01-port-selection-liang-et-al,non_strict,500,4,0.1257
01,01-port-selection-liang-et-al,non_strict,1000,0,0.2532
01,01-port-selection-liang-et-al,non_strict,1000,1,0.2515
01,01-port-selection-liang-et-al,non_strict,1000,2,0.2515
01,01-port-selection-liang-et-al,non_strict,1000,3,0.2495
01,01-port-selection-liang-et-al,non_strict,1000,4,0.2506
01,01-port-selection-liang-et-al,non_strict,2000,0,0.5079
01,01-port-selection-liang-et-al,non_strict,2000,1,0.51
01,01-port-selection-liang-et-al,non_strict,2000,2,0.5029
01,01-port-selection-liang-et-al,non_strict,2000,3,0.4979
01,01-port-selection-liang-et-al,non_strict,2000,4,0.5092
01,01-port-selection-liang-et-al,non_strict,5000,0,1.293
01,01-port-selection-liang-et-al,non_strict,5000,1,1.2831
01,01-port-selection-liang-et-al,non_strict,5000,2,1.2838
01,01-port-selection-liang-et-al,non_strict,5000,3,1.2823
01,01-port-selection-liang-et-al,non_strict,5000,4,1.2901
01,01-port-selection-liang-et-al,non_strict,10000,0,2.6649
01,01-port-selection-liang-et-al,non_strict,10000,1,2.705
01,01-port-selection-liang-et-al,non_strict,10000,2,2.6599
01,01-port-selection-liang-et-al,non_strict,10000,3,2.6739
01,01-port-selection-liang-et-al,non_strict,10000,4,2.73
02,02-port-selection-uncertainty-two-decision-makers,strict,50,0,0.0937
02,02-port-selection-uncertainty-two-decision-makers,strict,50,1,0.0906
02,02-port-selection-uncertainty-two-decision-makers,strict,50,2,0.0917
02,02-port-selection-uncertainty-two-decision-makers,strict,50,3,0.0921
02,02-port-selection-uncertainty-two-decision-makers,strict,50,4,0.0982
02,02-port-selection-uncertainty-two-decision-makers,strict,100,0,0.1816
02,02-port-selection-uncertainty-two-decision-makers,strict,100,1,0.1841
02,02-port-selection-uncertainty-two-decision-makers,strict,100,2,0.1829
02,02-port-selection-uncertainty-two-decision-makers,strict,100,3,0.1997
02,02-port-selection-uncertainty-two-decision-makers,strict,100,4,0.1841
02,02-port-selection-uncertainty-two-decision-makers,strict,200,0,0.3631
02,02-port-selection-uncertainty-two-decision-makers,strict,200,1,0.3692
02,02-port-selection-uncertainty-two-decision-makers,strict,200,2,0.3656
02,02-port-selection-uncertainty-two-decision-makers,strict,200,3,0.3647
02,02-port-selection-uncertainty-two-decision-makers,strict,200,4,0.3572
02,02-port-selection-uncertainty-two-decision-makers,strict,500,0,0.9141
02,02-port-selection-uncertainty-two-decision-makers,strict,500,1,0.9094
02,02-port-selection-uncertainty-two-decision-makers,strict,500,2,0.9101
02,02-port-selection-uncertainty-two-decision-makers,strict,500,3,0.9105
02,02-port-selection-uncertainty-two-decision-makers,strict,500,4,0.9003
02,02-port-selection-uncertainty-two-decision-makers,strict,1000,0,1.8402
02,02-port-selection-uncertainty-two-decision-makers,strict,1000,1,1.8235
02,02-port-selection-uncertainty-two-decision-makers,strict,1000,2,1.8045
02,02-port-selection-uncertainty-two-decision-makers,strict,1000,3,1.8203
02,02-port-selection-uncertainty-two-decision-makers,strict,1000,4,1.8389
02,02-port-selection-uncertainty-two-decision-makers,strict,2000,0,3.7075
02,02-port-selection-uncertainty-two-decision-makers,strict,2000,1,3.6419
02,02-port-selection-uncertainty-two-decision-makers,strict,2000,2,3.667
02,02-port-selection-uncertainty-two-decision-makers,strict,2000,3,3.6848
02,02-port-selection-uncertainty-two-decision-makers,strict,2000,4,3.6753
02,02-port-selection-uncertainty-two-decision-makers,strict,5000,0,9.2585
02,02-port-selection-uncertainty-two-decision-makers,strict,5000,1,9.1865
02,02-port-selection-uncertainty-two-decision-makers,strict,5000,2,9.1869
02,02-port-selection-uncertainty-two-decision-makers,strict,5000,3,9.3061
02,02-port-selection-uncertainty-two-decision-makers,strict,5000,4,9.3107
02,02-port-selection-uncertainty-two-decision-makers,strict,10000,0,18.5643
02,02-port-selection-uncertainty-two-decision-makers,strict,10000,1,18.6429
02,02-port-selection-uncertainty-two-decision-makers,strict,10000,2,18.627
02,02-port-selection-uncertainty-two-decision-makers,strict,10000,3,18.6218
02,02-port-selection-uncertainty-two-decision-makers,strict,10000,4,18.6188
02,02-port-selection-uncertainty-two-decision-makers,non_strict,50,0,0.048
02,02-port-selection-uncertainty-two-decision-makers,non_strict,50,1,0.0479
02,02-port-selection-uncertainty-two-decision-makers,non_strict,50,2,0.0482
02,02-port-selection-uncertainty-two-decision-makers,non_strict,50,3,0.0482
02,02-port-selection-uncertainty-two-decision-makers,non_strict,50,4,0.0486
02,02-port-selection-uncertainty-two-decision-makers,non_strict,100,0,0.0951
02,02-port-selection-uncertainty-two-decision-makers,non_strict,100,1,0.0957
02,02-port-selection-uncertainty-two-decision-makers,non_strict,100,2,0.0971
02,02-port-selection-uncertainty-two-decision-makers,non_strict,100,3,0.0975
02,02-port-selection-uncertainty-two-decision-makers,non_strict,100,4,0.0966
02,02-port-selection-uncertainty-two-decision-makers,non_strict,200,0,0.1908
02,02-port-selection-uncertainty-two-decision-makers,non_strict,200,1,0.1921
02,02-port-selection-uncertainty-two-decision-makers,non_strict,200,2,0.1944
02,02-port-selection-uncertainty-two-decision-makers,non_strict,200,3,0.1909
02,02-port-selection-uncertainty-two-decision-makers,non_strict,200,4,0.1961
02,02-port-selection-uncertainty-two-decision-makers,non_strict,500,0,0.4751
02,02-port-selection-uncertainty-two-decision-makers,non_strict,500,1,0.4872
02,02-port-selection-uncertainty-two-decision-makers,non_strict,500,2,0.4851
02,02-port-selection-uncertainty-two-decision-makers,non_strict,500,3,0.4828
02,02-port-selection-uncertainty-two-decision-makers,non_strict,500,4,0.4943
02,02-port-selection-uncertainty-two-decision-makers,non_strict,1000,0,0.9583
02,02-port-selection-uncertainty-two-decision-makers,non_strict,1000,1,0.9648
02,02-port-selection-uncertainty-two-decision-makers,non_strict,1000,2,0.9622
02,02-port-selection-uncertainty-two-decision-makers,non_strict,1000,3,0.9591
02,02-port-selection-uncertainty-two-decision-makers,non_strict,1000,4,0.9641
02,02-port-selection-uncertainty-two-decision-makers,non_strict,2000,0,1.9239
02,02-port-selection-uncertainty-two-decision-makers,non_strict,2000,1,1.9177
02,02-port-selection-uncertainty-two-decision-makers,non_strict,2000,2,1.9269
02,02-port-selection-uncertainty-two-decision-makers,non_strict,2000,3,1.9157
02,02-port-selection-uncertainty-two-decision-makers,non_strict,2000,4,1.9277
02,02-port-selection-uncertainty-two-decision-makers,non_strict,5000,0,4.8192
02,02-port-selection-uncertainty-two-decision-makers,non_strict,5000,1,4.8771
02,02-port-selection-uncertainty-two-decision-makers,non_strict,5000,2,4.8365
02,02-port-selection-uncertainty-two-decision-makers,non_strict,5000,3,4.8987
02,02-port-selection-uncertainty-two-decision-makers,non_strict,5000,4,4.8653
02,02-port-selection-uncertainty-two-decision-makers,non_strict,10000,0,9.693
02,02-port-selection-uncertainty-two-decision-makers,non_strict,10000,1,9.7115
02,02-port-selection-uncertainty-two-decision-makers,non_strict,10000,2,9.7201
02,02-port-selection-uncertainty-two-decision-makers,non_strict,10000,3,9.7347
02,02-port-selection-uncertainty-two-decision-makers,non_strict,10000,4,9.7483
03,03-nuclear-reactor-hierarchical-uncertain,strict,50,0,0.1782
03,03-nuclear-reactor-hierarchical-uncertain,strict,50,1,0.1778
03,03-nuclear-reactor-hierarchical-uncertain,strict,50,2,0.1773
03,03-nuclear-reactor-hierarchical-uncertain,strict,50,3,0.1794
03,03-nuclear-reactor-hierarchical-uncertain,strict,50,4,0.1769
03,03-nuclear-reactor-hierarchical-uncertain,strict,100,0,0.3603
03,03-nuclear-reactor-hierarchical-uncertain,strict,100,1,0.3863
03,03-nuclear-reactor-hierarchical-uncertain,strict,100,2,0.3533
03,03-nuclear-reactor-hierarchical-uncertain,strict,100,3,0.3475
03,03-nuclear-reactor-hierarchical-uncertain,strict,100,4,0.3537
03,03-nuclear-reactor-hierarchical-uncertain,strict,200,0,0.7099
03,03-nuclear-reactor-hierarchical-uncertain,strict,200,1,0.7343
03,03-nuclear-reactor-hierarchical-uncertain,strict,200,2,0.7124
03,03-nuclear-reactor-hierarchical-uncertain,strict,200,3,0.7246
03,03-nuclear-reactor-hierarchical-uncertain,strict,200,4,0.7072
03,03-nuclear-reactor-hierarchical-uncertain,strict,500,0,1.7677
03,03-nuclear-reactor-hierarchical-uncertain,strict,500,1,1.8147
03,03-nuclear-reactor-hierarchical-uncertain,strict,500,2,1.8077
03,03-nuclear-reactor-hierarchical-uncertain,strict,500,3,1.7694
03,03-nuclear-reactor-hierarchical-uncertain,strict,500,4,1.781
03,03-nuclear-reactor-hierarchical-uncertain,strict,1000,0,3.5537
03,03-nuclear-reactor-hierarchical-uncertain,strict,1000,1,3.5203
03,03-nuclear-reactor-hierarchical-uncertain,strict,1000,2,3.5433
03,03-nuclear-reactor-hierarchical-uncertain,strict,1000,3,3.5605
03,03-nuclear-reactor-hierarchical-uncertain,strict,1000,4,3.5619
03,03-nuclear-reactor-hierarchical-uncertain,strict,2000,0,7.1251
03,03-nuclear-reactor-hierarchical-uncertain,strict,2000,1,7.1205
03,03-nuclear-reactor-hierarchical-uncertain,strict,2000,2,7.1939
03,03-nuclear-reactor-hierarchical-uncertain,strict,2000,3,7.1977
03,03-nuclear-reactor-hierarchical-uncertain,strict,2000,4,7.2036
03,03-nuclear-reactor-hierarchical-uncertain,strict,5000,0,18.0553
03,03-nuclear-reactor-hierarchical-uncertain,strict,5000,1,17.8738
03,03-nuclear-reactor-hierarchical-uncertain,strict,5000,2,18.0832
03,03-nuclear-reactor-hierarchical-uncertain,strict,5000,3,18.0436
03,03-nuclear-reactor-hierarchical-uncertain,strict,5000,4,17.9741
03,03-nuclear-reactor-hierarchical-uncertain,strict,10000,0,36.1333
03,03-nuclear-reactor-hierarchical-uncertain,strict,10000,1,36.3631
03,03-nuclear-reactor-hierarchical-uncertain,strict,10000,2,36.4207
03,03-nuclear-reactor-hierarchical-uncertain,strict,10000,3,36.3882
03,03-nuclear-reactor-hierarchical-uncertain,strict,10000,4,36.4365
03,03-nuclear-reactor-hierarchical-uncertain,non_strict,50,0,0.0617
03,03-nuclear-reactor-hierarchical-uncertain,non_strict,50,1,0.0614
03,03-nuclear-reactor-hierarchical-uncertain,non_strict,50,2,0.0639
03,03-nuclear-reactor-hierarchical-uncertain,non_strict,50,3,0.0615
03,03-nuclear-reactor-hierarchical-uncertain,non_strict,50,4,0.0636
03,03-nuclear-reactor-hierarchical-uncertain,non_strict,100,0,0.1224
03,03-nuclear-reactor-hierarchical-uncertain,non_strict,100,1,0.1206
03,03-nuclear-reactor-hierarchical-uncertain,non_strict,100,2,0.1206
03,03-nuclear-reactor-hierarchical-uncertain,non_strict,100,3,0.1237
03,03-nuclear-reactor-hierarchical-uncertain,non_strict,100,4,0.1244
03,03-nuclear-reactor-hierarchical-uncertain,non_strict,200,0,0.2463
03,03-nuclear-reactor-hierarchical-uncertain,non_strict,200,1,0.2478
03,03-nuclear-reactor-hierarchical-uncertain,non_strict,200,2,0.2447
03,03-nuclear-reactor-hierarchical-uncertain,non_strict,200,3,0.2507
03,03-nuclear-reactor-hierarchical-uncertain,non_strict,200,4,0.2511
03,03-nuclear-reactor-hierarchical-uncertain,non_strict,500,0,0.6239
03,03-nuclear-reactor-hierarchical-uncertain,non_strict,500,1,0.6352
03,03-nuclear-reactor-hierarchical-uncertain,non_strict,500,2,0.6232
03,03-nuclear-reactor-hierarchical-uncertain,non_strict,500,3,0.6151
03,03-nuclear-reactor-hierarchical-uncertain,non_strict,500,4,0.6257
03,03-nuclear-reactor-hierarchical-uncertain,non_strict,1000,0,1.2513
03,03-nuclear-reactor-hierarchical-uncertain,non_strict,1000,1,1.2634
03,03-nuclear-reactor-hierarchical-uncertain,non_strict,1000,2,1.2388
03,03-nuclear-reactor-hierarchical-uncertain,non_strict,1000,3,1.2385
03,03-nuclear-reactor-hierarchical-uncertain,non_strict,1000,4,1.2349
03,03-nuclear-reactor-hierarchical-uncertain,non_strict,2000,0,2.4713
03,03-nuclear-reactor-hierarchical-uncertain,non_strict,2000,1,2.5003
03,03-nuclear-reactor-hierarchical-uncertain,non_strict,2000,2,2.4757
03,03-nuclear-reactor-hierarchical-uncertain,non_strict,2000,3,2.5129
03,03-nuclear-reactor-hierarchical-uncertain,non_strict,2000,4,2.4942
03,03-nuclear-reactor-hierarchical-uncertain,non_strict,5000,0,6.2559
03,03-nuclear-reactor-hierarchical-uncertain,non_strict,5000,1,6.2309
03,03-nuclear-reactor-hierarchical-uncertain,non_strict,5000,2,6.2355
03,03-nuclear-reactor-hierarchical-uncertain,non_strict,5000,3,6.1891
03,03-nuclear-reactor-hierarchical-uncertain,non_strict,5000,4,6.2361
03,03-nuclear-reactor-hierarchical-uncertain,non_strict,10000,0,12.496
03,03-nuclear-reactor-hierarchical-uncertain,non_strict,10000,1,12.5423
03,03-nuclear-reactor-hierarchical-uncertain,non_strict,10000,2,12.6274
03,03-nuclear-reactor-hierarchical-uncertain,non_strict,10000,3,12.5413
03,03-nuclear-reactor-hierarchical-uncertain,non_strict,10000,4,12.5452
04,04-tradeoff-elicitation-sun-kroesen-rezaei-2026,strict,50,0,0.0021
04,04-tradeoff-elicitation-sun-kroesen-rezaei-2026,strict,50,1,0.0021
04,04-tradeoff-elicitation-sun-kroesen-rezaei-2026,strict,50,2,0.002
04,04-tradeoff-elicitation-sun-kroesen-rezaei-2026,strict,50,3,0.0021
04,04-tradeoff-elicitation-sun-kroesen-rezaei-2026,strict,50,4,0.002
04,04-tradeoff-elicitation-sun-kroesen-rezaei-2026,strict,100,0,0.0039
04,04-tradeoff-elicitation-sun-kroesen-rezaei-2026,strict,100,1,0.0039
04,04-tradeoff-elicitation-sun-kroesen-rezaei-2026,strict,100,2,0.0039
04,04-tradeoff-elicitation-sun-kroesen-rezaei-2026,strict,100,3,0.0039
04,04-tradeoff-elicitation-sun-kroesen-rezaei-2026,strict,100,4,0.0039
04,04-tradeoff-elicitation-sun-kroesen-rezaei-2026,strict,200,0,0.0082
04,04-tradeoff-elicitation-sun-kroesen-rezaei-2026,strict,200,1,0.0078
04,04-tradeoff-elicitation-sun-kroesen-rezaei-2026,strict,200,2,0.0077
04,04-tradeoff-elicitation-sun-kroesen-rezaei-2026,strict,200,3,0.0078
04,04-tradeoff-elicitation-sun-kroesen-rezaei-2026,strict,200,4,0.0077
04,04-tradeoff-elicitation-sun-kroesen-rezaei-2026,strict,500,0,0.0193
04,04-tradeoff-elicitation-sun-kroesen-rezaei-2026,strict,500,1,0.0193
04,04-tradeoff-elicitation-sun-kroesen-rezaei-2026,strict,500,2,0.019
04,04-tradeoff-elicitation-sun-kroesen-rezaei-2026,strict,500,3,0.0192
04,04-tradeoff-elicitation-sun-kroesen-rezaei-2026,strict,500,4,0.0186
04,04-tradeoff-elicitation-sun-kroesen-rezaei-2026,strict,1000,0,0.0382
04,04-tradeoff-elicitation-sun-kroesen-rezaei-2026,strict,1000,1,0.0374
04,04-tradeoff-elicitation-sun-kroesen-rezaei-2026,strict,1000,2,0.0372
04,04-tradeoff-elicitation-sun-kroesen-rezaei-2026,strict,1000,3,0.0376
04,04-tradeoff-elicitation-sun-kroesen-rezaei-2026,strict,1000,4,0.0369
04,04-tradeoff-elicitation-sun-kroesen-rezaei-2026,strict,2000,0,0.0754
04,04-tradeoff-elicitation-sun-kroesen-rezaei-2026,strict,2000,1,0.0758
04,04-tradeoff-elicitation-sun-kroesen-rezaei-2026,strict,2000,2,0.0757
04,04-tradeoff-elicitation-sun-kroesen-rezaei-2026,strict,2000,3,0.0755
04,04-tradeoff-elicitation-sun-kroesen-rezaei-2026,strict,2000,4,0.0755
04,04-tradeoff-elicitation-sun-kroesen-rezaei-2026,strict,5000,0,0.1964
04,04-tradeoff-elicitation-sun-kroesen-rezaei-2026,strict,5000,1,0.1954
04,04-tradeoff-elicitation-sun-kroesen-rezaei-2026,strict,5000,2,0.2036
04,04-tradeoff-elicitation-sun-kroesen-rezaei-2026,strict,5000,3,0.228
04,04-tradeoff-elicitation-sun-kroesen-rezaei-2026,strict,5000,4,0.2025
04,04-tradeoff-elicitation-sun-kroesen-rezaei-2026,strict,10000,0,0.4061
04,04-tradeoff-elicitation-sun-kroesen-rezaei-2026,strict,10000,1,0.4244
04,04-tradeoff-elicitation-sun-kroesen-rezaei-2026,strict,10000,2,0.4019
04,04-tradeoff-elicitation-sun-kroesen-rezaei-2026,strict,10000,3,0.4061
04,04-tradeoff-elicitation-sun-kroesen-rezaei-2026,strict,10000,4,0.4102
04,04-tradeoff-elicitation-sun-kroesen-rezaei-2026,non_strict,50,0,0.0042
04,04-tradeoff-elicitation-sun-kroesen-rezaei-2026,non_strict,50,1,0.004
04,04-tradeoff-elicitation-sun-kroesen-rezaei-2026,non_strict,50,2,0.004
04,04-tradeoff-elicitation-sun-kroesen-rezaei-2026,non_strict,50,3,0.0041
04,04-tradeoff-elicitation-sun-kroesen-rezaei-2026,non_strict,50,4,0.0042
04,04-tradeoff-elicitation-sun-kroesen-rezaei-2026,non_strict,100,0,0.0097
04,04-tradeoff-elicitation-sun-kroesen-rezaei-2026,non_strict,100,1,0.0085
04,04-tradeoff-elicitation-sun-kroesen-rezaei-2026,non_strict,100,2,0.0085
04,04-tradeoff-elicitation-sun-kroesen-rezaei-2026,non_strict,100,3,0.0094
04,04-tradeoff-elicitation-sun-kroesen-rezaei-2026,non_strict,100,4,0.0114
04,04-tradeoff-elicitation-sun-kroesen-rezaei-2026,non_strict,200,0,0.02
04,04-tradeoff-elicitation-sun-kroesen-rezaei-2026,non_strict,200,1,0.0169
04,04-tradeoff-elicitation-sun-kroesen-rezaei-2026,non_strict,200,2,0.0155
04,04-tradeoff-elicitation-sun-kroesen-rezaei-2026,non_strict,200,3,0.0153
04,04-tradeoff-elicitation-sun-kroesen-rezaei-2026,non_strict,200,4,0.0152
04,04-tradeoff-elicitation-sun-kroesen-rezaei-2026,non_strict,500,0,0.0388
04,04-tradeoff-elicitation-sun-kroesen-rezaei-2026,non_strict,500,1,0.0394
04,04-tradeoff-elicitation-sun-kroesen-rezaei-2026,non_strict,500,2,0.0393
04,04-tradeoff-elicitation-sun-kroesen-rezaei-2026,non_strict,500,3,0.0391
04,04-tradeoff-elicitation-sun-kroesen-rezaei-2026,non_strict,500,4,0.0393
04,04-tradeoff-elicitation-sun-kroesen-rezaei-2026,non_strict,1000,0,0.0801
04,04-tradeoff-elicitation-sun-kroesen-rezaei-2026,non_strict,1000,1,0.0759
04,04-tradeoff-elicitation-sun-kroesen-rezaei-2026,non_strict,1000,2,0.0771
04,04-tradeoff-elicitation-sun-kroesen-rezaei-2026,non_strict,1000,3,0.076
04,04-tradeoff-elicitation-sun-kroesen-rezaei-2026,non_strict,1000,4,0.0757
04,04-tradeoff-elicitation-sun-kroesen-rezaei-2026,non_strict,2000,0,0.1539
04,04-tradeoff-elicitation-sun-kroesen-rezaei-2026,non_strict,2000,1,0.1547
04,04-tradeoff-elicitation-sun-kroesen-rezaei-2026,non_strict,2000,2,0.1554
04,04-tradeoff-elicitation-sun-kroesen-rezaei-2026,non_strict,2000,3,0.1528
04,04-tradeoff-elicitation-sun-kroesen-rezaei-2026,non_strict,2000,4,0.1555
04,04-tradeoff-elicitation-sun-kroesen-rezaei-2026,non_strict,5000,0,0.3977
04,04-tradeoff-elicitation-sun-kroesen-rezaei-2026,non_strict,5000,1,0.3954
04,04-tradeoff-elicitation-sun-kroesen-rezaei-2026,non_strict,5000,2,0.3945
04,04-tradeoff-elicitation-sun-kroesen-rezaei-2026,non_strict,5000,3,0.3937
04,04-tradeoff-elicitation-sun-kroesen-rezaei-2026,non_strict,5000,4,0.3932
04,04-tradeoff-elicitation-sun-kroesen-rezaei-2026,non_strict,10000,0,0.8024
04,04-tradeoff-elicitation-sun-kroesen-rezaei-2026,non_strict,10000,1,0.8073
04,04-tradeoff-elicitation-sun-kroesen-rezaei-2026,non_strict,10000,2,0.8357
04,04-tradeoff-elicitation-sun-kroesen-rezaei-2026,non_strict,10000,3,0.8183
04,04-tradeoff-elicitation-sun-kroesen-rezaei-2026,non_strict,10000,4,0.8061
05,05-analytically-tractable-verification,strict,50,0,0.0043
05,05-analytically-tractable-verification,strict,50,1,0.0042
05,05-analytically-tractable-verification,strict,50,2,0.0042
05,05-analytically-tractable-verification,strict,50,3,0.0042
05,05-analytically-tractable-verification,strict,50,4,0.0041
05,05-analytically-tractable-verification,strict,100,0,0.008
05,05-analytically-tractable-verification,strict,100,1,0.0081
05,05-analytically-tractable-verification,strict,100,2,0.0081
05,05-analytically-tractable-verification,strict,100,3,0.0082
05,05-analytically-tractable-verification,strict,100,4,0.0081
05,05-analytically-tractable-verification,strict,200,0,0.0164
05,05-analytically-tractable-verification,strict,200,1,0.016
05,05-analytically-tractable-verification,strict,200,2,0.0163
05,05-analytically-tractable-verification,strict,200,3,0.0161
05,05-analytically-tractable-verification,strict,200,4,0.0159
05,05-analytically-tractable-verification,strict,500,0,0.0398
05,05-analytically-tractable-verification,strict,500,1,0.0396
05,05-analytically-tractable-verification,strict,500,2,0.0399
05,05-analytically-tractable-verification,strict,500,3,0.0399
05,05-analytically-tractable-verification,strict,500,4,0.0397
05,05-analytically-tractable-verification,strict,1000,0,0.0793
05,05-analytically-tractable-verification,strict,1000,1,0.0799
05,05-analytically-tractable-verification,strict,1000,2,0.078
05,05-analytically-tractable-verification,strict,1000,3,0.0783
05,05-analytically-tractable-verification,strict,1000,4,0.0782
05,05-analytically-tractable-verification,strict,2000,0,0.1568
05,05-analytically-tractable-verification,strict,2000,1,0.1605
05,05-analytically-tractable-verification,strict,2000,2,0.1649
05,05-analytically-tractable-verification,strict,2000,3,0.1574
05,05-analytically-tractable-verification,strict,2000,4,0.1613
05,05-analytically-tractable-verification,strict,5000,0,0.4105
05,05-analytically-tractable-verification,strict,5000,1,0.4054
05,05-analytically-tractable-verification,strict,5000,2,0.4068
05,05-analytically-tractable-verification,strict,5000,3,0.4173
05,05-analytically-tractable-verification,strict,5000,4,0.414
05,05-analytically-tractable-verification,strict,10000,0,0.8601
05,05-analytically-tractable-verification,strict,10000,1,0.8602
05,05-analytically-tractable-verification,strict,10000,2,0.8607
05,05-analytically-tractable-verification,strict,10000,3,0.8589
05,05-analytically-tractable-verification,strict,10000,4,0.8525
05,05-analytically-tractable-verification,non_strict,50,0,0.0063
05,05-analytically-tractable-verification,non_strict,50,1,0.0064
05,05-analytically-tractable-verification,non_strict,50,2,0.0064
05,05-analytically-tractable-verification,non_strict,50,3,0.0062
05,05-analytically-tractable-verification,non_strict,50,4,0.0062
05,05-analytically-tractable-verification,non_strict,100,0,0.0121
05,05-analytically-tractable-verification,non_strict,100,1,0.0121
05,05-analytically-tractable-verification,non_strict,100,2,0.0121
05,05-analytically-tractable-verification,non_strict,100,3,0.0121
05,05-analytically-tractable-verification,non_strict,100,4,0.0123
05,05-analytically-tractable-verification,non_strict,200,0,0.0244
05,05-analytically-tractable-verification,non_strict,200,1,0.0243
05,05-analytically-tractable-verification,non_strict,200,2,0.0243
05,05-analytically-tractable-verification,non_strict,200,3,0.0255
05,05-analytically-tractable-verification,non_strict,200,4,0.025
05,05-analytically-tractable-verification,non_strict,500,0,0.0605
05,05-analytically-tractable-verification,non_strict,500,1,0.0599
05,05-analytically-tractable-verification,non_strict,500,2,0.0602
05,05-analytically-tractable-verification,non_strict,500,3,0.061
05,05-analytically-tractable-verification,non_strict,500,4,0.0611
05,05-analytically-tractable-verification,non_strict,1000,0,0.121
05,05-analytically-tractable-verification,non_strict,1000,1,0.1225
05,05-analytically-tractable-verification,non_strict,1000,2,0.1244
05,05-analytically-tractable-verification,non_strict,1000,3,0.1223
05,05-analytically-tractable-verification,non_strict,1000,4,0.1229
05,05-analytically-tractable-verification,non_strict,2000,0,0.2435
05,05-analytically-tractable-verification,non_strict,2000,1,0.2447
05,05-analytically-tractable-verification,non_strict,2000,2,0.248
05,05-analytically-tractable-verification,non_strict,2000,3,0.2466
05,05-analytically-tractable-verification,non_strict,2000,4,0.2475
05,05-analytically-tractable-verification,non_strict,5000,0,0.6312
05,05-analytically-tractable-verification,non_strict,5000,1,0.619
05,05-analytically-tractable-verification,non_strict,5000,2,0.6241
05,05-analytically-tractable-verification,non_strict,5000,3,0.6263
05,05-analytically-tractable-verification,non_strict,5000,4,0.6398
05,05-analytically-tractable-verification,non_strict,10000,0,1.281
05,05-analytically-tractable-verification,non_strict,10000,1,1.2917
05,05-analytically-tractable-verification,non_strict,10000,2,1.2807
05,05-analytically-tractable-verification,non_strict,10000,3,1.2815
05,05-analytically-tractable-verification,non_strict,10000,4,1.2933
